Array Size,Sequential (s),Parallel 2 Processes (s),Parallel 4 Processes (s),Parallel 8 Processes (s)
100,0.0,0.0,0.0,0.0
1000,0.0020012855529785156,0.0025055408477783203,0.0020058155059814453,0.0009992122650146484
10000,0.018001556396484375,1.8177897930145264,2.0940184593200684,1.9416215419769287
20000,0.05478262901306152,1.3375194072723389,1.593313217163086,2.5068109035491943
30000,0.0647883415222168,1.3592195510864258,1.7917206287384033,1.7500050067901611
40000,0.08091306686401367,1.3995022773742676,1.5602755546569824,1.9441547393798828
50000,0.10021424293518066,1.6176750659942627,2.418729305267334,2.8319766521453857
